<?xml version="1.0" encoding="UTF-8"?>
<addon
	id="plugin.video.fenix-mac" version="3.1a" name="[COLORcyan]Fenix [COLORgrey]Mac[/COLOR]" provider-name="by_ArrowNegra">
  <requires>    		
    	<!--<import addon="script.module.resolveurl" /> -->   	
        <import addon="script.module.requests"/>	
	
  </requires>
	<extension point="xbmc.python.pluginsource" library="default.py">
		<provides>video</provides>
	</extension>
	
	<extension point="xbmc.addon.metadata">
        <platform>all</platform>
		<summary lang="en">[COLORcyan]Fenix [COLORgrey]Mac[/COLOR]</summary>
		<description lang="pt">Este Addon providencia IPTV, exclusivamente para uso pessoal e privado!</description>
		<website></website>
		<license>GPL 3.0</license>
		<platform>all</platform>
		<disclaimer lang="en">O autor deste addon, não é nem nunca será responsável pelo seu uso...</disclaimer>
	<assets>
        <icon>icon.gif</icon>  
        <fanart>fanart.png</fanart>
    </assets>        
		<language>pt</language>
	</extension>	
	
</addon>